lot,title,true_cost,sale_price,net_profit,margin
7934,AQUASTG Sand Filter Pump 1/2 HP,29.26,85.0,44.48,52.3
7949,American Mahjong Tile Set,36.57,95.0,45.84,48.3
8101,Dewalt Cordless Drill Kit,54.85,130.0,57.92,44.6
8102,Ninja Kitchen System Blender,42.66,110.0,52.77,48.0
8103,Commercial Grade Extension Cord 100ft,14.63,45.0,24.41,54.2
8104,Moen Bathroom Faucet Brushed Nickel,24.38,75.0,40.68,54.2
8105,Generic Plastic Storage Bins 6-Pack,9.75,25.0,11.94,47.8
8106,Ring Video Doorbell Wired,26.82,65.0,29.57,45.5
8108,Kohler Stainless Steel Kitchen Sink,91.43,220.0,99.42,45.2
8109,Led Garage Light Panels 4-Pack,12.19,35.0,18.17,51.9
8110,LG Sound Bar with Subwoofer,48.76,110.0,46.66,42.4
8112,Delta Single-Handle Shower Trim Kit,36.57,95.0,45.84,48.3
8113,Shark Navigator Lift-Away Vacuum,54.85,135.0,62.26,46.1
8114,Black & Decker Router Combo,30.48,75.0,34.58,46.1
8115,Small Office Shredder,18.29,50.0,25.09,50.2
8116,Instant Pot Pro 10-in-1,42.66,105.0,48.43,46.1
