lot,title,bid,premium,tax,projected_sale
7934,AQUASTG Sand Filter Pump 1/2 HP,25.00,3.75,0.51,85.00
7949,American Mahjong Tile Set,30.00,4.50,2.07,95.00
8084,Canon imagePROGRAF TC-21 Printer,150.00,22.50,10.35,320.00
8101,Dewalt Cordless Drill Kit,45.00,6.75,3.10,130.00
8102,Ninja Kitchen System Blender,35.00,5.25,2.41,110.00
8103,Commercial Grade Extension Cord 100ft,12.00,1.80,0.83,45.00
8104,Moen Bathroom Faucet Brushed Nickel,20.00,3.00,1.38,75.00
8105,Generic Plastic Storage Bins 6-Pack,8.00,1.20,0.55,25.00
8106,Ring Video Doorbell Wired,22.00,3.30,1.52,65.00
8107,Dyson V8 Cordless Vacuum (Parts),g67g,9.00,4.14,140.00
8108,Kohler Stainless Steel Kitchen Sink,75.00,11.25,5.18,220.00
8109,Led Garage Light Panels 4-Pack,10.00,1.50,0.69,35.00
8110,LG Sound Bar with Subwoofer,40.00,6.00,2.76,110.00
8111,Commercial Floor Scrubber,200.00,30.00,13.80,350.00
8112,Delta Single-Handle Shower Trim Kit,30.00,4.50,2.07,95.00
8113,Shark Navigator Lift-Away Vacuum,45.00,6.75,3.10,135.00
8114,Black & Decker Router Combo,25.00,3.75,1.73,75.00
8115,Small Office Shredder,15.00,2.25,1.04,50.00
8116,Instant Pot Pro 10-in-1,35.00,5.25,2.41,105.00
8117,Milwaukee M18 Battery 2-Pack,70.00,10.50,4.83,160.00