lot,title,bid,premium,tax,projected_sale,net_profit,margin
8108,Kohler Stainless Steel Kitchen Sink,75.00,11.25,5.18,220.00,78.4,35.6
8113,Shark Navigator Lift-Away Vacuum,45.00,6.75,3.10,135.00,42.15,31.2
8102,Ninja Kitchen System Blender,35.00,5.25,2.41,110.00,32.91,29.9
7934,AQUASTG Sand Filter Pump 1/2 HP,25.00,3.75,0.51,85.00,24.89,29.3
8101,Dewalt Cordless Drill Kit,45.00,6.75,3.10,130.00,37.86,29.1
8104,Moen Bathroom Faucet Brushed Nickel,20.00,3.00,1.38,75.00,21.2,28.3
7949,American Mahjong Tile Set,30.00,4.50,2.07,95.00,26.15,27.5
8112,Delta Single-Handle Shower Trim Kit,30.00,4.50,2.07,95.00,26.15,27.5
8116,Instant Pot Pro 10-in-1,35.00,5.25,2.41,105.00,28.63,27.3
8110,LG Sound Bar with Subwoofer,40.00,6.00,2.76,110.00,26.81,24.4
8084,Canon imagePROGRAF TC-21 Printer,150.00,22.50,10.35,320.00,72.67,22.7
8117,Milwaukee M18 Battery 2-Pack,70.00,10.50,4.83,160.00,33.09,20.7
8114,Black & Decker Router Combo,25.00,3.75,1.73,75.00,15.1,20.1
8106,Ring Video Doorbell Wired,22.00,3.30,1.52,65.00,10.19,15.7
8107,Dyson V8 Cordless Vacuum (Parts),g67g,9.00,4.14,140.00,10.19,15.7
8115,Small Office Shredder,15.00,2.25,1.04,50.00,5.87,11.7
8103,Commercial Grade Extension Cord 100ft,12.00,1.80,0.83,45.00,5.24,11.6
8111,Commercial Floor Scrubber,200.00,30.00,13.80,350.00,37.43,10.7
